{
  "version": 1,
  "author": "Duván Velásquez",
  "editor": "wokwi",
  "parts": [
    { "type": "board-esp32-devkit-c-v4", "id": "esp", "top": 0, "left": -4.76, "attrs": {} },
    {
      "type": "wokwi-membrane-keypad",
      "id": "keypad1",
      "top": -318.8,
      "left": -215.2,
      "attrs": {}
    },
    {
      "type": "wokwi-lcd1602",
      "id": "lcd1",
      "top": 54.4,
      "left": 303.2,
      "attrs": { "pins": "i2c" }
    },
    {
      "type": "wokwi-buzzer",
      "id": "bz1",
      "top": -93.6,
      "left": 165,
      "attrs": { "volume": "0.1" }
    },
    {
      "type": "wokwi-pushbutton",
      "id": "btn1",
      "top": 217.4,
      "left": 172.8,
      "attrs": { "color": "green", "xray": "1" }
    },
    {
      "type": "wokwi-text",
      "id": "text1",
      "top": -249.6,
      "left": 57.6,
      "attrs": { "text": "Suma\n\nResta\n\nDivision\n\nResultado" }
    },
    {
      "type": "wokwi-text",
      "id": "text2",
      "top": -105.6,
      "left": -355.2,
      "attrs": { "text": "Multiplicacion  ( * )\nDecimal (#)" }
    },
    {
      "type": "wokwi-text",
      "id": "text3",
      "top": 211.2,
      "left": 259.2,
      "attrs": { "text": "AC (Borrar Todo)" }
    }
  ],
  "connections": [
    [ "esp:TX", "$serialMonitor:RX", "", [] ],
    [ "esp:RX", "$serialMonitor:TX", "", [] ],
    [ "keypad1:C1", "esp:33", "green", [ "v0" ] ],
    [ "keypad1:C2", "esp:32", "green", [ "v0" ] ],
    [ "keypad1:R4", "esp:25", "green", [ "v0" ] ],
    [ "keypad1:R1", "esp:14", "green", [ "v0" ] ],
    [ "keypad1:R2", "esp:27", "green", [ "v0" ] ],
    [ "keypad1:R3", "esp:26", "green", [ "v0" ] ],
    [ "lcd1:GND", "esp:GND.2", "black", [ "h-38.4", "v-57.6" ] ],
    [ "keypad1:C3", "esp:4", "green", [ "v124.8", "h153.45" ] ],
    [ "keypad1:C4", "esp:2", "green", [ "v0" ] ],
    [ "esp:22", "lcd1:SCL", "purple", [ "h28.8", "v66.9" ] ],
    [ "lcd1:SDA", "esp:21", "limegreen", [ "h-67.2", "v-28.6" ] ],
    [ "lcd1:GND", "bz1:1", "black", [ "h-38.4", "v-57.6", "h-76.8" ] ],
    [ "bz1:2", "esp:23", "cyan", [ "v19.2", "h-77.2", "v28.8" ] ],
    [
      "esp:12",
      "btn1:2.r",
      "gold",
      [ "v0", "h-38.25", "v86.4", "h0", "v48", "h307.2", "v-28.8" ]
    ],
    [ "esp:5V", "btn1:1.l", "red", [ "h-19.05", "v38.4" ] ],
    [ "esp:5V", "lcd1:VCC", "red", [ "h172.95", "v-105.6" ] ]
  ],
  "dependencies": {}
}